url,date,content,renderedContent,user,replyCount,retweetCount,likeCount,quoteCount,source,outlinks,retweetedTweet,quotedTweet,inReplyToTweetId,inReplyToUser,mentionedUsers,place,hashtags,content_no_urls,stop_words_lower_no_short_words,emojis_punctuation_mentions,tokenized,verbs,nouns,adjectives,lemmatized,stemmed,num_words,followers,following,choice
https://twitter.com/youroomate_/status/1520027972412919810,2022-04-29 13:11:24+00:00,"Voice crack list : 
changbin
leeknow
hyunjin
Lmao I do always have voice cracks when I'm too tired singing for a long time #StrayKids #MANIAC_SKZ #2ndWorldTour_MANIAC","Voice crack list : 
changbin
leeknow
hyunjin
Lmao I do always have voice cracks when I'm too tired singing for a long time #StrayKids #MANIAC_SKZ #2ndWorldTour_MANIAC","{'datadata_type': 'modules.twitter.User', 'username': 'youroomate_', 'id': 1504353302355406850, 'displayname': '„Ñ¥„Ñ±', 'description': '‚Äî no thoughts, just chill', 'rawDescription': '‚Äî no thoughts, just chill', 'descriptionUrls': None, 'verified': False, 'created': '2022-03-17T07:06:13+00:00', 'followersCount': 0, 'friendsCount': 17, 'statusesCount': 319, 'favouritesCount': 792, 'listedCount': 0, 'mediaCount': 16, 'location': '', 'protected': False, 'linkUrl': None, 'linkTcourl': None, 'profileImageUrl': 'https://pbs.twimg.com/profile_images/1519756227411988480/8Hyj1N15_normal.jpg', 'profileBannerUrl': 'https://pbs.twimg.com/profile_banners/1504353302355406850/1651334486', 'label': None, 'url': 'https://twitter.com/youroomate_'}",0,0,4,0,"<a href=""http://twitter.com/download/android"" rel=""nofollow"">Twitter for Android</a>",,,,,,,,"['StrayKids', 'MANIAC_SKZ', '2ndWorldTour_MANIAC']","Voice crack list : 
changbin
leeknow
hyunjin
Lmao I do always have voice cracks when I'm too tired singing for a long time #StrayKids #MANIAC_SKZ #2ndWorldTour_MANIAC",voice crack list changbin leeknow hyunjin lmao always voice cracks tired singing long time #straykids #maniac_skz #2ndworldtour_maniac,voice crack list changbin leeknow hyunjin lmao always voice cracks tired singing long time straykids maniac skz 2ndworldtour maniac,"['voice', 'crack', 'list', 'changbin', 'leeknow', 'hyunjin', 'lmao', 'always', 'voice', 'cracks', 'tired', 'singing', 'long', 'time', 'straykids', 'maniac', 'skz', '2ndworldtour', 'maniac']","['leeknow', 'tired', 'singing', 'maniac']","['voice', 'crack', 'list', 'changbin', 'hyunjin', 'lmao', 'voice', 'cracks', 'time', 'straykids', 'maniac']","['long', 'skz']","['voice', 'crack', 'list', 'changbin', 'leeknow', 'hyunjin', 'lmao', 'always', 'voice', 'crack', 'tired', 'singing', 'long', 'time', 'straykids', 'maniac', 'skz', '2ndworldtour', 'maniac']","['voic', 'crack', 'list', 'changbin', 'leeknow', 'hyunjin', 'lmao', 'alway', 'voic', 'crack', 'tire', 'sing', 'long', 'time', 'straykid', 'maniac', 'skz', '2ndworldtour', 'maniac']",26,0,17,F
https://twitter.com/Mr_McStallion/status/1520034174442385408,2022-04-29 13:36:02+00:00,Don‚Äôt tell my boss but the reason I‚Äôm late to work today is because I slightly OD‚Äôd on heroin while watching MORBIUS on repeat last night for the ultimate high and euphoria. Had to take a lil visit to the ER but it‚Äôs ok they had MORBIUS on the tv in my room,Don‚Äôt tell my boss but the reason I‚Äôm late to work today is because I slightly OD‚Äôd on heroin while watching MORBIUS on repeat last night for the ultimate high and euphoria. Had to take a lil visit to the ER but it‚Äôs ok they had MORBIUS on the tv in my room,"{'datadata_type': 'modules.twitter.User', 'username': 'Mr_McStallion', 'id': 1344002886779465731, 'displayname': 'Balls McStallion', 'description': 'I. KNOW. SPORTS. Deleted at 56 followers', 'rawDescription': 'I. KNOW. SPORTS. Deleted at 56 followers', 'descriptionUrls': None, 'verified': False, 'created': '2020-12-29T19:30:48+00:00', 'followersCount': 17, 'friendsCount': 49, 'statusesCount': 637, 'favouritesCount': 346, 'listedCount': 0, 'mediaCount': 107, 'location': 'Cumtown', 'protected': False, 'linkUrl': None, 'linkTcourl': None, 'profileImageUrl': 'https://pbs.twimg.com/profile_images/1344003258101149696/29HwSrs4_normal.jpg', 'profileBannerUrl': 'https://pbs.twimg.com/profile_banners/1344002886779465731/1639578851', 'label': None, 'url': 'https://twitter.com/Mr_McStallion'}",0,0,1,0,"<a href=""http://twitter.com/download/iphone"" rel=""nofollow"">Twitter for iPhone</a>",,,,,,,,,Don‚Äôt tell my boss but the reason I‚Äôm late to work today is because I slightly OD‚Äôd on heroin while watching MORBIUS on repeat last night for the ultimate high and euphoria. Had to take a lil visit to the ER but it‚Äôs ok they had MORBIUS on the tv in my room,don‚Äôt tell boss reason late work today slightly od‚Äôd heroin watching morbius repeat last night ultimate high euphoria. take visit it‚Äôs morbius room,don‚Äôt tell boss reason late work today slightly od‚Äôd heroin watching morbius repeat last night ultimate high euphoria take visit it‚Äôs morbius room,"['don', '‚Äô', 't', 'tell', 'boss', 'reason', 'late', 'work', 'today', 'slightly', 'od', '‚Äô', 'd', 'heroin', 'watching', 'morbius', 'repeat', 'last', 'night', 'ultimate', 'high', 'euphoria', 'take', 'visit', 'it', '‚Äô', 's', 'morbius', 'room']","['watching', 'take', '‚Äô']","['don', 't', 'tell', 'reason', 'work', 'today', '‚Äô', 'd', 'heroin', 'morbius', 'repeat', 'night', 'euphoria', 'visit', 'morbius', 'room']","['‚Äô', 'late', 'od', 'last', 'ultimate', 'high', 's']","['don', '‚Äô', 't', 'tell', 'bos', 'reason', 'late', 'work', 'today', 'slightly', 'od', '‚Äô', 'd', 'heroin', 'watching', 'morbius', 'repeat', 'last', 'night', 'ultimate', 'high', 'euphoria', 'take', 'visit', 'it', '‚Äô', 's', 'morbius', 'room']","['don', '‚Äô', 't', 'tell', 'boss', 'reason', 'late', 'work', 'today', 'slightli', 'od', '‚Äô', 'd', 'heroin', 'watch', 'morbiu', 'repeat', 'last', 'night', 'ultim', 'high', 'euphoria', 'take', 'visit', 'it', '‚Äô', 's', 'morbiu', 'room']",53,17,49,T
https://twitter.com/Admiral_Nickels/status/1518781080878342145,2022-04-26 02:36:41+00:00,Drugs have gone too far..Even the chickens doing heroin.. https://t.co/JBGfqR1He3,Drugs have gone too far..Even the chickens doing heroin.. https://t.co/JBGfqR1He3,"{'datadata_type': 'modules.twitter.User', 'username': 'Admiral_Nickels', 'id': 3352283091, 'displayname': 'ùì£ùì∏ùìÆ ùì£ùì≤ùì¨ùì¥ùìµùìÆùìª‚Ñ¢', 'description': '82 ‚Ä¢ slim/shady ‚Ä¢ Krispy Kreme Klub ‚Ä¢ Forklift Certified üçΩÔ∏è Putting the bi in Biden Harris üè≥Ô∏è\u200düåà Dating a wonderful queer. @Irkvlla', 'rawDescription': '82 ‚Ä¢ slim/shady ‚Ä¢ Krispy Kreme Klub ‚Ä¢ Forklift Certified üçΩÔ∏è Putting the bi in Biden Harris üè≥Ô∏è\u200düåà Dating a wonderful queer. @Irkvlla', 'descriptionUrls': None, 'verified': False, 'created': '2015-06-30T20:27:25+00:00', 'followersCount': 4, 'friendsCount': 12, 'statusesCount': 227, 'favouritesCount': 134, 'listedCount': 0, 'mediaCount': 44, 'location': ""Your dad's bed"", 'protected': False, 'linkUrl': None, 'linkTcourl': None, 'profileImageUrl': 'https://pbs.twimg.com/profile_images/1515912319561351171/EuzX9vMq_normal.jpg', 'profileBannerUrl': 'https://pbs.twimg.com/profile_banners/3352283091/1650256636', 'label': None, 'url': 'https://twitter.com/Admiral_Nickels'}",1,0,0,0,"<a href=""https://mobile.twitter.com"" rel=""nofollow"">Twitter Web App</a>",,,,,,,,,Drugs have gone too far..Even the chickens doing heroin..  ,drugs gone far..even chickens heroin..,drugs gone far even chickens heroin ,"['drugs', 'gone', 'far', 'even', 'chickens', 'heroin']","['gone', 'chickens']","['drugs', 'heroin']",[],"['drug', 'gone', 'far', 'even', 'chicken', 'heroin']","['drug', 'gone', 'far', 'even', 'chicken', 'heroin']",10,4,12,T
https://twitter.com/Sillyy_Billyy/status/1444111481923162117,2021-10-02 01:26:22+00:00,I need another drug dealer show. I need some killer flicks üòÇ it‚Äôs something w me,I need another drug dealer show. I need some killer flicks üòÇ it‚Äôs something w me,"{'datadata_type': 'modules.twitter.User', 'username': 'Sillyy_Billyy', 'id': 243421741, 'displayname': '‚ù§Ô∏èTee‚ù§Ô∏è', 'description': 'Give em hell, give em pressure! 052517/040921/031421', 'rawDescription': 'Give em hell, give em pressure! 052517/040921/031421', 'descriptionUrls': None, 'verified': False, 'created': '2011-01-27T00:43:16+00:00', 'followersCount': 600, 'friendsCount': 430, 'statusesCount': 83166, 'favouritesCount': 4303, 'listedCount': 1, 'mediaCount': 850, 'location': 'WhereDaMoneyAt', 'protected': False, 'linkUrl': 'http://www.idkwhattoput.com', 'linkTcourl': 'https://t.co/f2CwkaXSNL', 'profileImageUrl': 'https://pbs.twimg.com/profile_images/1520001688756756482/QNg8KVkH_normal.jpg', 'profileBannerUrl': 'https://pbs.twimg.com/profile_banners/243421741/1630350640', 'label': None, 'url': 'https://twitter.com/Sillyy_Billyy'}",0,0,0,1,"<a href=""http://twitter.com/download/iphone"" rel=""nofollow"">Twitter for iPhone</a>",,,,,,,,,I need another drug dealer show. I need some killer flicks üòÇ it‚Äôs something w me,need another drug dealer show. need killer flicks it‚Äôs something,need another drug dealer show need killer flicks it‚Äôs something,"['need', 'another', 'drug', 'dealer', 'show', 'need', 'killer', 'flicks', 'it', '‚Äô', 's', 'something']","['need', '‚Äô']","['need', 'drug', 'dealer', 'show', 'killer', 'flicks', 'something']",['s'],"['need', 'another', 'drug', 'dealer', 'show', 'need', 'killer', 'flick', 'it', '‚Äô', 's', 'something']","['need', 'anoth', 'drug', 'dealer', 'show', 'need', 'killer', 'flick', 'it', '‚Äô', 's', 'someth']",16,600,430,T
https://twitter.com/DendeCannabist/status/1380616359814422530,2021-04-09 20:19:25+00:00,"Doctor DESTROYS Derek Chauvin‚Äôs defense that George Floyd died of a drug overdose
https://t.co/I80Z5Cut7u https://t.co/vzP5AmLqXW","Doctor DESTROYS Derek Chauvin‚Äôs defense that George Floyd died of a drug overdose
facebook.com/OccupyDemocrat‚Ä¶ https://t.co/vzP5AmLqXW","{'datadata_type': 'modules.twitter.User', 'username': 'DendeCannabist', 'id': 1465962918, 'displayname': 'DdC', 'description': 'Cannabis Caregiver 30 years\nGetting the hang of retirement.', 'rawDescription': 'Cannabis Caregiver 30 years\nGetting the hang of retirement.', 'descriptionUrls': None, 'verified': False, 'created': '2013-05-29T00:10:55+00:00', 'followersCount': 1497, 'friendsCount': 1525, 'statusesCount': 79203, 'favouritesCount': 2579, 'listedCount': 45, 'mediaCount': 33219, 'location': 'Central Coast CA', 'protected': False, 'linkUrl': 'https://www.tapatalk.com/groups/endingcannabisprohibition/index.php', 'linkTcourl': 'https://t.co/ByzLslAtPr', 'profileImageUrl': 'https://pbs.twimg.com/profile_images/3752698056/402176c6c2c9f056e67e33c24b9d4f39_normal.png', 'profileBannerUrl': 'https://pbs.twimg.com/profile_banners/1465962918/1602761813', 'label': None, 'url': 'https://twitter.com/DendeCannabist'}",0,0,0,0,"<a href=""https://mobile.twitter.com"" rel=""nofollow"">Twitter Web App</a>",['https://www.facebook.com/OccupyDemocrats/videos/828250074702158'],,,1.38e+18,"{'datadata_type': 'modules.twitter.User', 'username': 'DendeCannabist', 'id': 1465962918, 'displayname': 'DdC', 'description': 'Cannabis Caregiver 30 years\nGetting the hang of retirement.', 'rawDescription': 'Cannabis Caregiver 30 years\nGetting the hang of retirement.', 'descriptionUrls': None, 'verified': False, 'created': '2013-05-29T00:10:55+00:00', 'followersCount': 1497, 'friendsCount': 1525, 'statusesCount': 79203, 'favouritesCount': 2579, 'listedCount': 45, 'mediaCount': 33219, 'location': 'Central Coast CA', 'protected': False, 'linkUrl': 'https://www.tapatalk.com/groups/endingcannabisprohibition/index.php', 'linkTcourl': 'https://t.co/ByzLslAtPr', 'profileImageUrl': 'https://pbs.twimg.com/profile_images/3752698056/402176c6c2c9f056e67e33c24b9d4f39_normal.png', 'profileBannerUrl': 'https://pbs.twimg.com/profile_banners/1465962918/1602761813', 'label': None, 'url': 'https://twitter.com/DendeCannabist'}",,,,"Doctor DESTROYS Derek Chauvin‚Äôs defense that George Floyd died of a drug overdose
 ",doctor destroys derek chauvin‚Äôs defense george floyd died drug overdose,doctor destroys derek chauvin‚Äôs defense george floyd died drug overdose,"['doctor', 'destroys', 'derek', 'chauvin', '‚Äô', 's', 'defense', 'george', 'floyd', 'died', 'drug', 'overdose']","['destroys', 'died']","['doctor', 'chauvin', '‚Äô', 's', 'defense', 'george', 'drug', 'overdose']","['derek', 'floyd']","['doctor', 'destroys', 'derek', 'chauvin', '‚Äô', 's', 'defense', 'george', 'floyd', 'died', 'drug', 'overdose']","['doctor', 'destroy', 'derek', 'chauvin', '‚Äô', 's', 'defens', 'georg', 'floyd', 'die', 'drug', 'overdos']",15,1497,1525,T
https://twitter.com/BrightyLighty_/status/1519141061507137536,2022-04-27 02:27:07+00:00,@DipsumValley basically @realCarykh drew this mouth like a million years ago when making a youtube video and here we are,@DipsumValley basically @realCarykh drew this mouth like a million years ago when making a youtube video and here we are,"{'datadata_type': 'modules.twitter.User', 'username': 'BrightyLighty_', 'id': 1358209270756614145, 'displayname': ""don't buy nfts they'll make your pants fall off"", 'description': 'lighty // kentish stiltwalkers already out // SHE/HER DAMMIT // 15 revolutions around the sun // ‚ù§Ô∏è@redfire512‚ù§Ô∏è üíô@leaf_litter_üíô epic partners //', 'rawDescription': 'lighty // kentish stiltwalkers already out // SHE/HER DAMMIT // 15 revolutions around the sun // ‚ù§Ô∏è@redfire512‚ù§Ô∏è üíô@leaf_litter_üíô epic partners //', 'descriptionUrls': None, 'verified': False, 'created': '2021-02-07T00:21:43+00:00', 'followersCount': 81, 'friendsCount': 292, 'statusesCount': 8109, 'favouritesCount': 4857, 'listedCount': 2, 'mediaCount': 875, 'location': 'god is not real anymore', 'protected': False, 'linkUrl': 'https://en.pronouns.page/@brightylighty_', 'linkTcourl': 'https://t.co/fO6X45gxvL', 'profileImageUrl': 'https://pbs.twimg.com/profile_images/1495505866065387526/ZHGB8jA9_normal.jpg', 'profileBannerUrl': 'https://pbs.twimg.com/profile_banners/1358209270756614145/1631759035', 'label': None, 'url': 'https://twitter.com/BrightyLighty_'}",0,0,7,0,"<a href=""https://mobile.twitter.com"" rel=""nofollow"">Twitter Web App</a>",,,,1.52e+18,"{'datadata_type': 'modules.twitter.User', 'username': 'DipsumValley', 'id': 899332099295113216, 'displayname': 'Dev Duzzet', 'description': None, 'rawDescription': None, 'descriptionUrls': None, 'verified': None, 'created': None, 'followersCount': None, 'friendsCount': None, 'statusesCount': None, 'favouritesCount': None, 'listedCount': None, 'mediaCount': None, 'location': None, 'protected': None, 'linkUrl': None, 'linkTcourl': None, 'profileImageUrl': None, 'profileBannerUrl': None, 'label': None, 'url': 'https://twitter.com/DipsumValley'}","[{'datadata_type': 'modules.twitter.User', 'username': 'DipsumValley', 'id': 899332099295113216, 'displayname': 'Dev Duzzet', 'description': None, 'rawDescription': None, 'descriptionUrls': None, 'verified': None, 'created': None, 'followersCount': None, 'friendsCount': None, 'statusesCount': None, 'favouritesCount': None, 'listedCount': None, 'mediaCount': None, 'location': None, 'protected': None, 'linkUrl': None, 'linkTcourl': None, 'profileImageUrl': None, 'profileBannerUrl': None, 'label': None, 'url': 'https://twitter.com/DipsumValley'}, {'datadata_type': 'modules.twitter.User', 'username': 'realCarykh', 'id': 723749713447526401, 'displayname': 'Cary Huang', 'description': None, 'rawDescription': None, 'descriptionUrls': None, 'verified': None, 'created': None, 'followersCount': None, 'friendsCount': None, 'statusesCount': None, 'favouritesCount': None, 'listedCount': None, 'mediaCount': None, 'location': None, 'protected': None, 'linkUrl': None, 'linkTcourl': None, 'profileImageUrl': None, 'profileBannerUrl': None, 'label': None, 'url': 'https://twitter.com/realCarykh'}]",,,@DipsumValley basically @realCarykh drew this mouth like a million years ago when making a youtube video and here we are,@dipsumvalley basically @realcarykh drew mouth like million years making youtube video, basically drew mouth like million years making youtube video,"['basically', 'drew', 'mouth', 'like', 'million', 'years', 'making', 'youtube', 'video']","['drew', 'making']","['mouth', 'years', 'youtube', 'video']",[],"['basically', 'drew', 'mouth', 'like', 'million', 'year', 'making', 'youtube', 'video']","['basic', 'drew', 'mouth', 'like', 'million', 'year', 'make', 'youtub', 'video']",20,81,292,F
https://twitter.com/nvfisa/status/788861739475439617,2016-10-19 21:57:49+00:00,"she want me to quit that lean, baby I can't quit that lean, put a ring around codeine","she want me to quit that lean, baby I can't quit that lean, put a ring around codeine","{'datadata_type': 'modules.twitter.User', 'username': 'nvfisa', 'id': 547964074, 'displayname': 'girly face fi', 'description': 'mi run tings, tings nuh run mi.', 'rawDescription': 'mi run tings, tings nuh run mi.', 'descriptionUrls': None, 'verified': False, 'created': '2012-04-07T22:43:11+00:00', 'followersCount': 4215, 'friendsCount': 981, 'statusesCount': 25279, 'favouritesCount': 75643, 'listedCount': 5, 'mediaCount': 427, 'location': 'Seattle, USA', 'protected': False, 'linkUrl': None, 'linkTcourl': None, 'profileImageUrl': 'https://pbs.twimg.com/profile_images/1500583330529480705/UwYYh1G7_normal.jpg', 'profileBannerUrl': 'https://pbs.twimg.com/profile_banners/547964074/1646707050', 'label': None, 'url': 'https://twitter.com/nvfisa'}",0,2,3,0,"<a href=""http://twitter.com/download/iphone"" rel=""nofollow"">Twitter for iPhone</a>",,,,,,,,,"she want me to quit that lean, baby I can't quit that lean, put a ring around codeine","want quit lean, baby quit lean, ring around codeine",want quit lean baby quit lean ring around codeine,"['want', 'quit', 'lean', 'baby', 'quit', 'lean', 'ring', 'around', 'codeine']",['quit'],"['quit', 'baby', 'ring', 'codeine']","['want', 'lean', 'lean']","['want', 'quit', 'lean', 'baby', 'quit', 'lean', 'ring', 'around', 'codeine']","['want', 'quit', 'lean', 'babi', 'quit', 'lean', 'ring', 'around', 'codein']",18,4215,981,T
https://twitter.com/maxlaikatmaut/status/1520472687516131328,2022-04-30 18:38:32+00:00,"@Radenmas8888 Ppl just cloud surfing these topics man.
Legalize it. #Marijuana aint a drug.","@Radenmas8888 Ppl just cloud surfing these topics man.
Legalize it. #Marijuana aint a drug.","{'datadata_type': 'modules.twitter.User', 'username': 'maxlaikatmaut', 'id': 1479366478503628800, 'displayname': 'Maxlaikatmaut30', 'description': '', 'rawDescription': '', 'descriptionUrls': None, 'verified': False, 'created': '2022-01-07T08:17:17+00:00', 'followersCount': 0, 'friendsCount': 0, 'statusesCount': 11, 'favouritesCount': 0, 'listedCount': 0, 'mediaCount': 0, 'location': '', 'protected': False, 'linkUrl': None, 'linkTcourl': None, 'profileImageUrl': 'https://abs.twimg.com/sticky/default_profile_images/default_profile_normal.png', 'profileBannerUrl': None, 'label': None, 'url': 'https://twitter.com/maxlaikatmaut'}",0,0,0,0,"<a href=""http://twitter.com/download/android"" rel=""nofollow"">Twitter for Android</a>",,,,1.52e+18,"{'datadata_type': 'modules.twitter.User', 'username': 'Radenmas8888', 'id': 4320168373, 'displayname': 'Radenmas', 'description': None, 'rawDescription': None, 'descriptionUrls': None, 'verified': None, 'created': None, 'followersCount': None, 'friendsCount': None, 'statusesCount': None, 'favouritesCount': None, 'listedCount': None, 'mediaCount': None, 'location': None, 'protected': None, 'linkUrl': None, 'linkTcourl': None, 'profileImageUrl': None, 'profileBannerUrl': None, 'label': None, 'url': 'https://twitter.com/Radenmas8888'}","[{'datadata_type': 'modules.twitter.User', 'username': 'Radenmas8888', 'id': 4320168373, 'displayname': 'Radenmas', 'description': None, 'rawDescription': None, 'descriptionUrls': None, 'verified': None, 'created': None, 'followersCount': None, 'friendsCount': None, 'statusesCount': None, 'favouritesCount': None, 'listedCount': None, 'mediaCount': None, 'location': None, 'protected': None, 'linkUrl': None, 'linkTcourl': None, 'profileImageUrl': None, 'profileBannerUrl': None, 'label': None, 'url': 'https://twitter.com/Radenmas8888'}]",,['Marijuana'],"@Radenmas8888 Ppl just cloud surfing these topics man.
Legalize it. #Marijuana aint a drug.",@radenmas8888 cloud surfing topics man. legalize #marijuana aint drug., cloud surfing topics man legalize marijuana aint drug ,"['cloud', 'surfing', 'topics', 'man', 'legalize', 'marijuana', 'aint', 'drug']","['surfing', 'legalize']","['cloud', 'topics', 'man', 'drug']","['marijuana', 'aint']","['cloud', 'surfing', 'topic', 'man', 'legalize', 'marijuana', 'aint', 'drug']","['cloud', 'surf', 'topic', 'man', 'legal', 'marijuana', 'aint', 'drug']",14,0,0,T
https://twitter.com/whitneybree_/status/1519876842282491904,2022-04-29 03:10:51+00:00,nah the crack in his voice kills me every time üò≠üò≠üò≠üò≠üò≠,nah the crack in his voice kills me every time üò≠üò≠üò≠üò≠üò≠,"{'datadata_type': 'modules.twitter.User', 'username': 'whitneybree_', 'id': 188473217, 'displayname': 'whit', 'description': 'polyglot. this is not a safe space. ever.', 'rawDescription': 'polyglot. this is not a safe space. ever.', 'descriptionUrls': None, 'verified': False, 'created': '2010-09-08T20:29:58+00:00', 'followersCount': 1367, 'friendsCount': 449, 'statusesCount': 125186, 'favouritesCount': 70960, 'listedCount': 0, 'mediaCount': 5248, 'location': 'worldwide.', 'protected': False, 'linkUrl': 'http://Instagram.com/whitney.bree', 'linkTcourl': 'https://t.co/KzJ3KsK2Bg', 'profileImageUrl': 'https://pbs.twimg.com/profile_images/1494808565957246978/aSlUEDXj_normal.jpg', 'profileBannerUrl': 'https://pbs.twimg.com/profile_banners/188473217/1628654358', 'label': None, 'url': 'https://twitter.com/whitneybree_'}",0,0,0,0,"<a href=""http://twitter.com/download/iphone"" rel=""nofollow"">Twitter for iPhone</a>",,,,,,,,,nah the crack in his voice kills me every time üò≠üò≠üò≠üò≠üò≠,crack voice kills every time üò≠üò≠üò≠üò≠üò≠,crack voice kills every time ,"['crack', 'voice', 'kills', 'every', 'time']",[],"['crack', 'voice', 'kills', 'time']",[],"['crack', 'voice', 'kill', 'every', 'time']","['crack', 'voic', 'kill', 'everi', 'time']",11,1367,449,F
https://twitter.com/TawnJordy/status/1520236089608335362,2022-04-30 02:58:23+00:00,Some of those hot mics were crack up as üòÇüòÇüòÇ https://t.co/gatVFkLl9O,Some of those hot mics were crack up as üòÇüòÇüòÇ twitter.com/nearskidz/stat‚Ä¶,"{'datadata_type': 'modules.twitter.User', 'username': 'TawnJordy', 'id': 1396605625757364224, 'displayname': 'Jordy üêô', 'description': 'Head Honcho @TawnSociety', 'rawDescription': 'Head Honcho @TawnSociety', 'descriptionUrls': None, 'verified': False, 'created': '2021-05-23T23:15:17+00:00', 'followersCount': 644, 'friendsCount': 870, 'statusesCount': 2880, 'favouritesCount': 5507, 'listedCount': 0, 'mediaCount': 137, 'location': 'Still no 6on ', 'protected': False, 'linkUrl': 'https://youtube.com/channel/UCvw50UwThRtzYBJVinVQwkQ', 'linkTcourl': 'https://t.co/nFkaDCQ7KZ', 'profileImageUrl': 'https://pbs.twimg.com/profile_images/1499421820826492934/lBA0N6nm_normal.jpg', 'profileBannerUrl': 'https://pbs.twimg.com/profile_banners/1396605625757364224/1647297344', 'label': None, 'url': 'https://twitter.com/TawnJordy'}",0,0,2,0,"<a href=""http://twitter.com/download/iphone"" rel=""nofollow"">Twitter for iPhone</a>",['https://twitter.com/nearskidz/status/1520234699267862528'],,"{'datadata_type': 'modules.twitter.Tweet', 'url': 'https://twitter.com/NEARSKIDZ/status/1520234699267862528', 'date': '2022-04-30T02:52:51+00:00', 'content': 'https://t.co/5rCIg6xAjY', 'renderedContent': 'https://t.co/5rCIg6xAjY', 'id': 1520234699267862528, 'user': {'datadata_type': 'modules.twitter.User', 'username': 'NEARSKIDZ', 'id': 1440159223510274056, 'displayname': 'SKIDZ', 'description': 'wz player for @TawnSociety', 'rawDescription': 'wz player for @TawnSociety', 'descriptionUrls': None, 'verified': False, 'created': '2021-09-21T03:41:52+00:00', 'followersCount': 42, 'friendsCount': 147, 'statusesCount': 108, 'favouritesCount': 152, 'listedCount': 1, 'mediaCount': 32, 'location': '', 'protected': False, 'linkUrl': 'http://www.youtube.com/user/tehStormeeh', 'linkTcourl': 'https://t.co/pyRSbw4w7P', 'profileImageUrl': 'https://pbs.twimg.com/profile_images/1512956961918451713/U5CruEv9_normal.jpg', 'profileBannerUrl': 'https://pbs.twimg.com/profile_banners/1440159223510274056/1649305565', 'label': None, 'url': 'https://twitter.com/NEARSKIDZ'}, 'replyCount': 2, 'retweetCount': 5, 'likeCount': 10, 'quoteCount': 2, 'conversationId': 1520234699267862528, 'lang': 'und', 'source': '<a href=""https://mobile.twitter.com"" rel=""nofollow"">Twitter Web App</a>', 'sourceUrl': 'https://mobile.twitter.com', 'sourceLabel': 'Twitter Web App', 'outlinks': None, 'tcooutlinks': None, 'media': [{'datadata_type': 'modules.twitter.Video', 'thumbnailUrl': 'https://pbs.twimg.com/ext_tw_video_thumb/1520234005223813120/pu/img/6_HRqMy9T3HJHuyT.jpg', 'variants': [{'datadata_type': 'modules.twitter.VideoVariant', 'contentType': 'video/mp4', 'url': 'https://video.twimg.com/ext_tw_video/1520234005223813120/pu/vid/1280x720/MGvhuLkkEFi7e_XA.mp4?tag=12', 'bitrate': 2176000}, {'datadata_type': 'modules.twitter.VideoVariant', 'contentType': 'video/mp4', 'url': 'https://video.twimg.com/ext_tw_video/1520234005223813120/pu/vid/480x270/w3K8ilIj9QfkPLEY.mp4?tag=12', 'bitrate': 256000}, {'datadata_type': 'modules.twitter.VideoVariant', 'contentType': 'video/mp4', 'url': 'https://video.twimg.com/ext_tw_video/1520234005223813120/pu/vid/640x360/KWPcDZH0D9ADXJOZ.mp4?tag=12', 'bitrate': 832000}, {'datadata_type': 'modules.twitter.VideoVariant', 'contentType': 'application/x-mpegURL', 'url': 'https://video.twimg.com/ext_tw_video/1520234005223813120/pu/pl/gMXuCaE2PzwbsuSo.m3u8?tag=12&container=fmp4', 'bitrate': None}], 'duration': 138.666, 'views': 150}], 'retweetedTweet': None, 'quotedTweet': None, 'inReplyToTweetId': None, 'inReplyToUser': None, 'mentionedUsers': None, 'coordinates': None, 'place': None, 'hashtags': None, 'cashtags': None, 'card': None}",,,,,,Some of those hot mics were crack up as üòÇüòÇüòÇ  ,mics crack,mics crack,"['mics', 'crack']",[],"['mics', 'crack']",[],"['mics', 'crack']","['mic', 'crack']",11,644,870,F
https://twitter.com/yxngkura/status/787713413942087680,2016-10-16 17:54:47+00:00,Not going to destroy my kidney with this Codeine anymore üò™,Not going to destroy my kidney with this Codeine anymore üò™,"{'datadata_type': 'modules.twitter.User', 'username': 'yxngkura', 'id': 767784523, 'displayname': 'Yardman', 'description': 'from üáØüá≤ to üá¨üáß now üá∫üá∏', 'rawDescription': 'from üáØüá≤ to üá¨üáß now üá∫üá∏', 'descriptionUrls': None, 'verified': False, 'created': '2012-08-19T15:51:50+00:00', 'followersCount': 609, 'friendsCount': 411, 'statusesCount': 40359, 'favouritesCount': 22506, 'listedCount': 7, 'mediaCount': 2282, 'location': '', 'protected': False, 'linkUrl': None, 'linkTcourl': None, 'profileImageUrl': 'https://pbs.twimg.com/profile_images/1516882251253919744/wyYqjbDo_normal.jpg', 'profileBannerUrl': 'https://pbs.twimg.com/profile_banners/767784523/1593221665', 'label': None, 'url': 'https://twitter.com/yxngkura'}",0,0,0,0,"<a href=""http://twitter.com/download/iphone"" rel=""nofollow"">Twitter for iPhone</a>",,,,,,,,,Not going to destroy my kidney with this Codeine anymore üò™,going destroy kidney codeine anymore,going destroy kidney codeine anymore,"['going', 'destroy', 'kidney', 'codeine', 'anymore']",['going'],"['kidney', 'codeine']",['destroy'],"['going', 'destroy', 'kidney', 'codeine', 'anymore']","['go', 'destroy', 'kidney', 'codein', 'anymor']",11,609,411,T
https://twitter.com/Gwilnyc/status/774053173153718272,2016-09-09 01:13:52+00:00,I'm on ocean drive sippin codeine wit the top down 20 grand on me lotta jewelry and a glock now. Got my own money pussy nigga I did not sign,I'm on ocean drive sippin codeine wit the top down 20 grand on me lotta jewelry and a glock now. Got my own money pussy nigga I did not sign,"{'datadata_type': 'modules.twitter.User', 'username': 'Gwilnyc', 'id': 222106950, 'displayname': 'Greg', 'description': '', 'rawDescription': '', 'descriptionUrls': None, 'verified': False, 'created': '2010-12-02T13:46:34+00:00', 'followersCount': 79, 'friendsCount': 515, 'statusesCount': 5534, 'favouritesCount': 3587, 'listedCount': 1, 'mediaCount': 120, 'location': 'New York City', 'protected': False, 'linkUrl': None, 'linkTcourl': None, 'profileImageUrl': 'https://pbs.twimg.com/profile_images/1433574543617052676/eB2d_wqR_normal.jpg', 'profileBannerUrl': 'https://pbs.twimg.com/profile_banners/222106950/1347991194', 'label': None, 'url': 'https://twitter.com/Gwilnyc'}",0,0,0,0,"<a href=""http://twitter.com/download/iphone"" rel=""nofollow"">Twitter for iPhone</a>",,,,,,,,,I'm on ocean drive sippin codeine wit the top down 20 grand on me lotta jewelry and a glock now. Got my own money pussy nigga I did not sign,ocean drive sippin codeine grand lotta jewelry glock now. money pussy nigga sign,ocean drive sippin codeine grand lotta jewelry glock now money pussy nigga sign,"['ocean', 'drive', 'sippin', 'codeine', 'grand', 'lotta', 'jewelry', 'glock', 'now', 'money', 'pussy', 'nigga', 'sign']",[],"['drive', 'sippin', 'codeine', 'jewelry', 'glock', 'money', 'pussy', 'sign']","['ocean', 'grand', 'lotta']","['ocean', 'drive', 'sippin', 'codeine', 'grand', 'lotta', 'jewelry', 'glock', 'now', 'money', 'pussy', 'nigga', 'sign']","['ocean', 'drive', 'sippin', 'codein', 'grand', 'lotta', 'jewelri', 'glock', 'now', 'money', 'pussi', 'nigga', 'sign']",30,79,515,T
https://twitter.com/jflotv/status/770066877938819073,2016-08-29 01:13:45+00:00,This mofo is still sipping on that codeine concoction. ha #PowerTV,This mofo is still sipping on that codeine concoction. ha #PowerTV,"{'datadata_type': 'modules.twitter.User', 'username': 'jflotv', 'id': 102470439, 'displayname': 'J E', 'description': 'What am I going to do today? ‚ÄúI‚Äôm going to get my mind right and then dominate.‚Äù', 'rawDescription': 'What am I going to do today? ‚ÄúI‚Äôm going to get my mind right and then dominate.‚Äù', 'descriptionUrls': None, 'verified': False, 'created': '2010-01-06T20:28:12+00:00', 'followersCount': 265, 'friendsCount': 56, 'statusesCount': 87222, 'favouritesCount': 1663, 'listedCount': 29, 'mediaCount': 425, 'location': 'Splett2@splettnet.net', 'protected': False, 'linkUrl': None, 'linkTcourl': None, 'profileImageUrl': 'https://pbs.twimg.com/profile_images/1480452906260250625/cB5FzGQ8_normal.jpg', 'profileBannerUrl': 'https://pbs.twimg.com/profile_banners/102470439/1584459142', 'label': None, 'url': 'https://twitter.com/jflotv'}",0,0,1,0,"<a href=""https://about.twitter.com/products/tweetdeck"" rel=""nofollow"">TweetDeck</a>",,,,,,,,['PowerTV'],This mofo is still sipping on that codeine concoction. ha #PowerTV,mofo still sipping codeine concoction. #powertv,mofo still sipping codeine concoction powertv,"['mofo', 'still', 'sipping', 'codeine', 'concoction', 'powertv']",['sipping'],"['mofo', 'concoction', 'powertv']",['codeine'],"['mofo', 'still', 'sipping', 'codeine', 'concoction', 'powertv']","['mofo', 'still', 'sip', 'codein', 'concoct', 'powertv']",11,265,56,F
https://twitter.com/Gav_Live229/status/1379458402296938505,2021-04-06 15:38:06+00:00,"@CrankyTRex @EdMorrissey The autopsy doesn‚Äôt say that he died from an overdose stop spreading misinformation.  What would the witness have to add when we know he had drugs in his system.  NOBODY except liars, racists and chauvin supporters are saying that it was the cause of death https://t.co/3mPTj7YvUM","@CrankyTRex @EdMorrissey The autopsy doesn‚Äôt say that he died from an overdose stop spreading misinformation.  What would the witness have to add when we know he had drugs in his system.  NOBODY except liars, racists and chauvin supporters are saying that it was the cause of death https://t.co/3mPTj7YvUM","{'datadata_type': 'modules.twitter.User', 'username': 'Gav_Live229', 'id': 1180221350495035398, 'displayname': 'Gav', 'description': 'Husband. Father. Gtown Alum. NY Jets Fan.', 'rawDescription': 'Husband. Father. Gtown Alum. NY Jets Fan.', 'descriptionUrls': None, 'verified': False, 'created': '2019-10-04T20:41:30+00:00', 'followersCount': 46, 'friendsCount': 169, 'statusesCount': 5510, 'favouritesCount': 17657, 'listedCount': 1, 'mediaCount': 107, 'location': '', 'protected': False, 'linkUrl': None, 'linkTcourl': None, 'profileImageUrl': 'https://pbs.twimg.com/profile_images/1326665195951939588/a9QRiLHt_normal.jpg', 'profileBannerUrl': None, 'label': None, 'url': 'https://twitter.com/Gav_Live229'}",2,0,2,0,"<a href=""http://twitter.com/download/iphone"" rel=""nofollow"">Twitter for iPhone</a>",,,,1.38e+18,"{'datadata_type': 'modules.twitter.User', 'username': 'CrankyTRex', 'id': 413505368, 'displayname': 'Inconspicuous Rex', 'description': None, 'rawDescription': None, 'descriptionUrls': None, 'verified': None, 'created': None, 'followersCount': None, 'friendsCount': None, 'statusesCount': None, 'favouritesCount': None, 'listedCount': None, 'mediaCount': None, 'location': None, 'protected': None, 'linkUrl': None, 'linkTcourl': None, 'profileImageUrl': None, 'profileBannerUrl': None, 'label': None, 'url': 'https://twitter.com/CrankyTRex'}","[{'datadata_type': 'modules.twitter.User', 'username': 'CrankyTRex', 'id': 413505368, 'displayname': 'Inconspicuous Rex', 'description': None, 'rawDescription': None, 'descriptionUrls': None, 'verified': None, 'created': None, 'followersCount': None, 'friendsCount': None, 'statusesCount': None, 'favouritesCount': None, 'listedCount': None, 'mediaCount': None, 'location': None, 'protected': None, 'linkUrl': None, 'linkTcourl': None, 'profileImageUrl': None, 'profileBannerUrl': None, 'label': None, 'url': 'https://twitter.com/CrankyTRex'}, {'datadata_type': 'modules.twitter.User', 'username': 'EdMorrissey', 'id': 16787084, 'displayname': 'Ed Morrissey', 'description': None, 'rawDescription': None, 'descriptionUrls': None, 'verified': None, 'created': None, 'followersCount': None, 'friendsCount': None, 'statusesCount': None, 'favouritesCount': None, 'listedCount': None, 'mediaCount': None, 'location': None, 'protected': None, 'linkUrl': None, 'linkTcourl': None, 'profileImageUrl': None, 'profileBannerUrl': None, 'label': None, 'url': 'https://twitter.com/EdMorrissey'}]",,,"@CrankyTRex @EdMorrissey The autopsy doesn‚Äôt say that he died from an overdose stop spreading misinformation.  What would the witness have to add when we know he had drugs in his system.  NOBODY except liars, racists and chauvin supporters are saying that it was the cause of death  ","@crankytrex @edmorrissey autopsy doesn‚Äôt died overdose stop spreading misinformation. witness know drugs system. nobody except liars, racists chauvin supporters saying cause death", autopsy doesn‚Äôt died overdose stop spreading misinformation witness know drugs system nobody except liars racists chauvin supporters saying cause death,"['autopsy', 'doesn', '‚Äô', 't', 'died', 'overdose', 'stop', 'spreading', 'misinformation', 'witness', 'know', 'drugs', 'system', 'nobody', 'except', 'liars', 'racists', 'chauvin', 'supporters', 'saying', 'cause', 'death']","['died', 'spreading', 'know', 'chauvin', 'saying']","['autopsy', 'doesn', '‚Äô', 't', 'stop', 'misinformation', 'witness', 'drugs', 'system', 'nobody', 'liars', 'racists', 'supporters', 'cause', 'death']",['overdose'],"['autopsy', 'doesn', '‚Äô', 't', 'died', 'overdose', 'stop', 'spreading', 'misinformation', 'witness', 'know', 'drug', 'system', 'nobody', 'except', 'liar', 'racist', 'chauvin', 'supporter', 'saying', 'cause', 'death']","['autopsi', 'doesn', '‚Äô', 't', 'die', 'overdos', 'stop', 'spread', 'misinform', 'wit', 'know', 'drug', 'system', 'nobodi', 'except', 'liar', 'racist', 'chauvin', 'support', 'say', 'caus', 'death']",48,46,169,T
https://twitter.com/Fernand99722350/status/1519632498501857282,2022-04-28 10:59:55+00:00,"@Reuters The guy was hanged in Singapore because he was arrested with 42 grams of heroin.  Here in Brazil, mega dealer Andr√© do Rap, arrested with tons of cocaine, was released by the Supreme court !","@Reuters The guy was hanged in Singapore because he was arrested with 42 grams of heroin.  Here in Brazil, mega dealer Andr√© do Rap, arrested with tons of cocaine, was released by the Supreme court !","{'datadata_type': 'modules.twitter.User', 'username': 'Fernand99722350', 'id': 1510631357264928785, 'displayname': 'Fernando Valverde ( Conta 4 )', 'description': 'Economista residente no Rio de Janeiro. Esta √© a minha quarta conta - o Twitter detonou as outras tr√™s...', 'rawDescription': 'Economista residente no Rio de Janeiro. Esta √© a minha quarta conta - o Twitter detonou as outras tr√™s...', 'descriptionUrls': None, 'verified': False, 'created': '2022-04-03T14:52:58+00:00', 'followersCount': 866, 'friendsCount': 2915, 'statusesCount': 1068, 'favouritesCount': 508, 'listedCount': 0, 'mediaCount': 621, 'location': '', 'protected': False, 'linkUrl': None, 'linkTcourl': None, 'profileImageUrl': 'https://pbs.twimg.com/profile_images/1510634211040010248/DCya_78W_normal.jpg', 'profileBannerUrl': 'https://pbs.twimg.com/profile_banners/1510631357264928785/1648998353', 'label': None, 'url': 'https://twitter.com/Fernand99722350'}",0,0,0,0,"<a href=""http://twitter.com/download/android"" rel=""nofollow"">Twitter for Android</a>",,,,1.52e+18,"{'datadata_type': 'modules.twitter.User', 'username': 'Reuters', 'id': 1652541, 'displayname': 'Reuters', 'description': None, 'rawDescription': None, 'descriptionUrls': None, 'verified': None, 'created': None, 'followersCount': None, 'friendsCount': None, 'statusesCount': None, 'favouritesCount': None, 'listedCount': None, 'mediaCount': None, 'location': None, 'protected': None, 'linkUrl': None, 'linkTcourl': None, 'profileImageUrl': None, 'profileBannerUrl': None, 'label': None, 'url': 'https://twitter.com/Reuters'}","[{'datadata_type': 'modules.twitter.User', 'username': 'Reuters', 'id': 1652541, 'displayname': 'Reuters', 'description': None, 'rawDescription': None, 'descriptionUrls': None, 'verified': None, 'created': None, 'followersCount': None, 'friendsCount': None, 'statusesCount': None, 'favouritesCount': None, 'listedCount': None, 'mediaCount': None, 'location': None, 'protected': None, 'linkUrl': None, 'linkTcourl': None, 'profileImageUrl': None, 'profileBannerUrl': None, 'label': None, 'url': 'https://twitter.com/Reuters'}]",,,"@Reuters The guy was hanged in Singapore because he was arrested with 42 grams of heroin.  Here in Brazil, mega dealer Andr√© do Rap, arrested with tons of cocaine, was released by the Supreme court !","@reuters hanged singapore arrested grams heroin. brazil, mega dealer andr√© rap, arrested tons cocaine, released supreme court", hanged singapore arrested grams heroin brazil mega dealer andr√© rap arrested tons cocaine released supreme court,"['hanged', 'singapore', 'arrested', 'grams', 'heroin', 'brazil', 'mega', 'dealer', 'andr√©', 'rap', 'arrested', 'tons', 'cocaine', 'released', 'supreme', 'court']","['hanged', 'heroin', 'arrested', 'released']","['grams', 'dealer', 'andr√©', 'rap', 'tons', 'cocaine', 'court']","['arrested', 'brazil', 'mega', 'supreme']","['hanged', 'singapore', 'arrested', 'gram', 'heroin', 'brazil', 'mega', 'dealer', 'andr√©', 'rap', 'arrested', 'ton', 'cocaine', 'released', 'supreme', 'court']","['hang', 'singapor', 'arrest', 'gram', 'heroin', 'brazil', 'mega', 'dealer', 'andr√©', 'rap', 'arrest', 'ton', 'cocain', 'releas', 'suprem', 'court']",36,866,2915,T
https://twitter.com/Zackky256/status/1379319162837868544,2021-04-06 06:24:49+00:00,@RealAndy2020 @Rasmussen_Poll @DailyCaller The ER doctor who treated George Floyd at the hospital and pronounced him dead is on the stand.  He said by the time Floyd got to the hospital heart stopped 60 minutes. He didn't seeevidence of cardiac arrest from drug overdose and the cause of death was officially axphixia.,@RealAndy2020 @Rasmussen_Poll @DailyCaller The ER doctor who treated George Floyd at the hospital and pronounced him dead is on the stand.  He said by the time Floyd got to the hospital heart stopped 60 minutes. He didn't seeevidence of cardiac arrest from drug overdose and the cause of death was officially axphixia.,"{'datadata_type': 'modules.twitter.User', 'username': 'Zackky256', 'id': 1347583769352527872, 'displayname': 'Zachariahüòú‚ù§Ô∏è', 'description': '#Blacklivesmatter', 'rawDescription': '#Blacklivesmatter', 'descriptionUrls': None, 'verified': False, 'created': '2021-01-08T16:39:51+00:00', 'followersCount': 185, 'friendsCount': 191, 'statusesCount': 617, 'favouritesCount': 499, 'listedCount': 0, 'mediaCount': 15, 'location': 'Los Angeles, CA', 'protected': False, 'linkUrl': None, 'linkTcourl': None, 'profileImageUrl': 'https://pbs.twimg.com/profile_images/1502946379857022978/TFlgb-rk_normal.jpg', 'profileBannerUrl': 'https://pbs.twimg.com/profile_banners/1347583769352527872/1647165325', 'label': None, 'url': 'https://twitter.com/Zackky256'}",2,0,2,0,"<a href=""http://twitter.com/download/iphone"" rel=""nofollow"">Twitter for iPhone</a>",,,,,,"[{'datadata_type': 'modules.twitter.User', 'username': 'Rasmussen_Poll', 'id': 19553409, 'displayname': 'Rasmussen Reports', 'description': None, 'rawDescription': None, 'descriptionUrls': None, 'verified': None, 'created': None, 'followersCount': None, 'friendsCount': None, 'statusesCount': None, 'favouritesCount': None, 'listedCount': None, 'mediaCount': None, 'location': None, 'protected': None, 'linkUrl': None, 'linkTcourl': None, 'profileImageUrl': None, 'profileBannerUrl': None, 'label': None, 'url': 'https://twitter.com/Rasmussen_Poll'}, {'datadata_type': 'modules.twitter.User', 'username': 'DailyCaller', 'id': 39308549, 'displayname': 'Daily Caller', 'description': None, 'rawDescription': None, 'descriptionUrls': None, 'verified': None, 'created': None, 'followersCount': None, 'friendsCount': None, 'statusesCount': None, 'favouritesCount': None, 'listedCount': None, 'mediaCount': None, 'location': None, 'protected': None, 'linkUrl': None, 'linkTcourl': None, 'profileImageUrl': None, 'profileBannerUrl': None, 'label': None, 'url': 'https://twitter.com/DailyCaller'}]",,,@RealAndy2020 @Rasmussen_Poll @DailyCaller The ER doctor who treated George Floyd at the hospital and pronounced him dead is on the stand.  He said by the time Floyd got to the hospital heart stopped 60 minutes. He didn't seeevidence of cardiac arrest from drug overdose and the cause of death was officially axphixia.,@realandy2020 @rasmussen_poll @dailycaller doctor treated george floyd hospital pronounced dead stand. said time floyd hospital heart stopped minutes. seeevidence cardiac arrest drug overdose cause death officially axphixia., doctor treated george floyd hospital pronounced dead stand said time floyd hospital heart stopped minutes seeevidence cardiac arrest drug overdose cause death officially axphixia ,"['doctor', 'treated', 'george', 'floyd', 'hospital', 'pronounced', 'dead', 'stand', 'said', 'time', 'floyd', 'hospital', 'heart', 'stopped', 'minutes', 'seeevidence', 'cardiac', 'arrest', 'drug', 'overdose', 'cause', 'death', 'officially', 'axphixia']","['treated', 'pronounced', 'said', 'stopped']","['doctor', 'george', 'hospital', 'stand', 'time', 'heart', 'minutes', 'arrest', 'drug', 'overdose', 'cause', 'death']","['floyd', 'dead', 'floyd', 'hospital', 'seeevidence', 'cardiac', 'axphixia']","['doctor', 'treated', 'george', 'floyd', 'hospital', 'pronounced', 'dead', 'stand', 'said', 'time', 'floyd', 'hospital', 'heart', 'stopped', 'minute', 'seeevidence', 'cardiac', 'arrest', 'drug', 'overdose', 'cause', 'death', 'officially', 'axphixia']","['doctor', 'treat', 'georg', 'floyd', 'hospit', 'pronounc', 'dead', 'stand', 'said', 'time', 'floyd', 'hospit', 'heart', 'stop', 'minut', 'seeevid', 'cardiac', 'arrest', 'drug', 'overdos', 'caus', 'death', 'offici', 'axphixia']",52,185,191,T
https://twitter.com/UsedPaintpallet/status/786341361494663169,2016-10-12 23:02:44+00:00,"""You wanna hear this spongebob series idea"" ""I have a bottle of codeine in my house rIGHT NOW"" https://t.co/4UFEsH4Q0m","""You wanna hear this spongebob series idea"" ""I have a bottle of codeine in my house rIGHT NOW"" twitter.com/jacobthesnacob‚Ä¶","{'datadata_type': 'modules.twitter.User', 'username': 'UsedPaintpallet', 'id': 2416390676, 'displayname': 'tara üÉè', 'description': '‚Ä¢illustrator ‚Ä¢ Mothman fan account ‚Ä¢ 23!! ‚Ä¢', 'rawDescription': '‚Ä¢illustrator ‚Ä¢ Mothman fan account ‚Ä¢ 23!! ‚Ä¢', 'descriptionUrls': None, 'verified': False, 'created': '2014-03-28T19:54:04+00:00', 'followersCount': 394, 'friendsCount': 244, 'statusesCount': 7635, 'favouritesCount': 28582, 'listedCount': 5, 'mediaCount': 462, 'location': 'chicago | she,her', 'protected': False, 'linkUrl': 'http://Instagram.com/usedpaintpalette', 'linkTcourl': 'https://t.co/tBhAHwaEkV', 'profileImageUrl': 'https://pbs.twimg.com/profile_images/1493063979723284486/CjcL0Iuq_normal.jpg', 'profileBannerUrl': 'https://pbs.twimg.com/profile_banners/2416390676/1643064228', 'label': None, 'url': 'https://twitter.com/UsedPaintpallet'}",0,0,6,1,"<a href=""http://twitter.com/download/iphone"" rel=""nofollow"">Twitter for iPhone</a>",['https://twitter.com/jacobthesnacob1/status/786248006853025792'],,"{'datadata_type': 'modules.twitter.Tweet', 'url': 'https://twitter.com/jacobthesnacob1/status/786248006853025792', 'date': '2016-10-12T16:51:47+00:00', 'content': 'https://t.co/uK871ne8LA', 'renderedContent': 'https://t.co/uK871ne8LA', 'id': 786248006853025792, 'user': {'datadata_type': 'modules.twitter.User', 'username': 'jacobthesnacob1', 'id': 2478847374, 'displayname': 'Jacob Evans', 'description': 'Wow big yikes |He/Him| youtu.be/FZUcpVmEHuk', 'rawDescription': 'Wow big yikes |He/Him| https://t.co/FEyV8DBd85', 'descriptionUrls': [{'text': 'youtu.be/FZUcpVmEHuk', 'url': 'https://youtu.be/FZUcpVmEHuk', 'tcourl': 'https://t.co/FEyV8DBd85', 'indices': [23, 46]}], 'verified': False, 'created': '2014-05-05T21:13:46+00:00', 'followersCount': 173, 'friendsCount': 173, 'statusesCount': 3205, 'favouritesCount': 5195, 'listedCount': 4, 'mediaCount': 347, 'location': '', 'protected': False, 'linkUrl': None, 'linkTcourl': None, 'profileImageUrl': 'https://pbs.twimg.com/profile_images/1259496499081330689/bgwSY4qu_normal.jpg', 'profileBannerUrl': 'https://pbs.twimg.com/profile_banners/2478847374/1642192731', 'label': None, 'url': 'https://twitter.com/jacobthesnacob1'}, 'replyCount': 0, 'retweetCount': 0, 'likeCount': 0, 'quoteCount': 4, 'conversationId': 786248006853025792, 'lang': 'und', 'source': '<a href=""http://twitter.com/download/iphone"" rel=""nofollow"">Twitter for iPhone</a>', 'sourceUrl': 'http://twitter.com/download/iphone', 'sourceLabel': 'Twitter for iPhone', 'outlinks': None, 'tcooutlinks': None, 'media': [{'datadata_type': 'modules.twitter.Photo', 'previewUrl': 'https://pbs.twimg.com/media/CulQZGfVYAE4BsF?format=jpg&name=small', 'fullUrl': 'https://pbs.twimg.com/media/CulQZGfVYAE4BsF?format=jpg&name=large'}], 'retweetedTweet': None, 'quotedTweet': None, 'inReplyToTweetId': None, 'inReplyToUser': None, 'mentionedUsers': None, 'coordinates': None, 'place': None, 'hashtags': None, 'cashtags': None, 'card': None}",,,,,,"""You wanna hear this spongebob series idea"" ""I have a bottle of codeine in my house rIGHT NOW""  ","""you wanna hear spongebob series idea"" bottle codeine house right now""", you wanna hear spongebob series idea bottle codeine house right now ,"['you', 'wan', 'na', 'hear', 'spongebob', 'series', 'idea', 'bottle', 'codeine', 'house', 'right', 'now']","['wan', 'hear']","['series', 'idea', 'house', 'right']","['na', 'spongebob', 'codeine']","['you', 'wan', 'na', 'hear', 'spongebob', 'series', 'idea', 'bottle', 'codeine', 'house', 'right', 'now']","['you', 'wan', 'na', 'hear', 'spongebob', 'seri', 'idea', 'bottl', 'codein', 'hous', 'right', 'now']",19,394,244,T
https://twitter.com/jschwass_/status/1516520074529583106,2022-04-19 20:52:16+00:00,"It's an honor to announce that I have been named a Cannabis Law Rising Star by Super Lawyers for the second year in a row and the first year with my own firm.  

Only 2.5% of attorneys are given this distinction.

https://t.co/YdlKe6N1TY","It's an honor to announce that I have been named a Cannabis Law Rising Star by Super Lawyers for the second year in a row and the first year with my own firm.  

Only 2.5% of attorneys are given this distinction.

profiles.superlawyers.com/california/san‚Ä¶","{'datadata_type': 'modules.twitter.User', 'username': 'jschwass_', 'id': 419042486, 'displayname': 'Jared Schwass', 'description': 'Recovering big law attorney | Founder of the Schwass Law Firm üå≥‚öñÔ∏è and California Cannabis Reportüå≥üéô', 'rawDescription': 'Recovering big law attorney | Founder of the Schwass Law Firm üå≥‚öñÔ∏è and California Cannabis Reportüå≥üéô', 'descriptionUrls': None, 'verified': False, 'created': '2011-11-22T21:50:12+00:00', 'followersCount': 406, 'friendsCount': 1350, 'statusesCount': 1417, 'favouritesCount': 4000, 'listedCount': 3, 'mediaCount': 43, 'location': 'California, USA', 'protected': False, 'linkUrl': 'http://www.schwasslaw.com', 'linkTcourl': 'https://t.co/WUTocNKerG', 'profileImageUrl': 'https://pbs.twimg.com/profile_images/1512172380499574784/QnYsGYAW_normal.jpg', 'profileBannerUrl': 'https://pbs.twimg.com/profile_banners/419042486/1628203560', 'label': None, 'url': 'https://twitter.com/jschwass_'}",1,1,3,0,"<a href=""https://mobile.twitter.com"" rel=""nofollow"">Twitter Web App</a>",['https://profiles.superlawyers.com/california/san-francisco/lawyer/jared-schwass/11251254-b820-4942-a85f-b584879230eb.html'],,,,,,,,"It's an honor to announce that I have been named a Cannabis Law Rising Star by Super Lawyers for the second year in a row and the first year with my own firm.  

Only 2.5% of attorneys are given this distinction.

 ",honor announce named cannabis rising star super lawyers second year first year firm. 2.5% attorneys given distinction.,honor announce named cannabis rising star super lawyers second year first year firm 2 5 attorneys given distinction ,"['honor', 'announce', 'named', 'cannabis', 'rising', 'star', 'super', 'lawyers', 'second', 'year', 'first', 'year', 'firm', '2', '5', 'attorneys', 'given', 'distinction']","['named', 'rising', 'given']","['announce', 'cannabis', 'star', 'lawyers', 'year', 'year', 'firm', 'attorneys', 'distinction']","['honor', 'super', 'second']","['honor', 'announce', 'named', 'cannabis', 'rising', 'star', 'super', 'lawyer', 'second', 'year', 'first', 'year', 'firm', '2', '5', 'attorney', 'given', 'distinction']","['honor', 'announc', 'name', 'cannabi', 'rise', 'star', 'super', 'lawyer', 'second', 'year', 'first', 'year', 'firm', '2', '5', 'attorney', 'given', 'distinct']",42,406,1350,T
https://twitter.com/dillinger_sam/status/1519859854168444929,2022-04-29 02:03:21+00:00,I‚Äôve said the same thing several times: an ego that size literally won‚Äôt be able to resist the opportunity to come back and cause a nuclear meltdown. It‚Äôs like crack to a crackhead- he won‚Äôt be able to resist https://t.co/1l6HJptLIE,I‚Äôve said the same thing several times: an ego that size literally won‚Äôt be able to resist the opportunity to come back and cause a nuclear meltdown. It‚Äôs like crack to a crackhead- he won‚Äôt be able to resist twitter.com/JesseKellyDC/s‚Ä¶,"{'datadata_type': 'modules.twitter.User', 'username': 'dillinger_sam', 'id': 1137361564523212809, 'displayname': 'Sam Dillinger üá∫üá∏', 'description': '', 'rawDescription': '', 'descriptionUrls': None, 'verified': False, 'created': '2019-06-08T14:11:42+00:00', 'followersCount': 258, 'friendsCount': 133, 'statusesCount': 53654, 'favouritesCount': 130189, 'listedCount': 4, 'mediaCount': 121, 'location': '', 'protected': False, 'linkUrl': None, 'linkTcourl': None, 'profileImageUrl': 'https://pbs.twimg.com/profile_images/1328780988357468160/9OnFPgkI_normal.jpg', 'profileBannerUrl': None, 'label': None, 'url': 'https://twitter.com/dillinger_sam'}",0,0,0,0,"<a href=""http://twitter.com/download/iphone"" rel=""nofollow"">Twitter for iPhone</a>",['https://twitter.com/JesseKellyDC/status/1519812222448504832'],,"{'datadata_type': 'modules.twitter.Tweet', 'url': 'https://twitter.com/JesseKellyDC/status/1519812222448504832', 'date': '2022-04-28T22:54:05+00:00', 'content': 'People can be suckered into believing the most absurd things. For instance, there are actually people who believe Donald Trump isn‚Äôt coming back to Twitter if he‚Äôs allowed.', 'renderedContent': 'People can be suckered into believing the most absurd things. For instance, there are actually people who believe Donald Trump isn‚Äôt coming back to Twitter if he‚Äôs allowed.', 'id': 1519812222448504832, 'user': {'datadata_type': 'modules.twitter.User', 'username': 'JesseKellyDC', 'id': 34082620, 'displayname': 'Jesse Kelly', 'description': 'Host of ‚ÄòI‚Äôm Right‚Äô on The First. Host of the nationally syndicated Jesse Kelly Show. Anti-Communist. Community college credits.', 'rawDescription': 'Host of ‚ÄòI‚Äôm Right‚Äô on The First. Host of the nationally syndicated Jesse Kelly Show. Anti-Communist. Community college credits.', 'descriptionUrls': None, 'verified': True, 'created': '2009-04-21T23:08:32+00:00', 'followersCount': 469170, 'friendsCount': 1014, 'statusesCount': 1380, 'favouritesCount': 97753, 'listedCount': 2332, 'mediaCount': 80, 'location': 'Houston, TX', 'protected': False, 'linkUrl': 'https://www.jessekellyshow.com', 'linkTcourl': 'https://t.co/NGil0qkQCG', 'profileImageUrl': 'https://pbs.twimg.com/profile_images/1268181440543559681/yBRyQxhc_normal.jpg', 'profileBannerUrl': 'https://pbs.twimg.com/profile_banners/34082620/1591192979', 'label': None, 'url': 'https://twitter.com/JesseKellyDC'}, 'replyCount': 92, 'retweetCount': 138, 'likeCount': 1750, 'quoteCount': 9, 'conversationId': 1519812222448504832, 'lang': 'en', 'source': '<a href=""http://twitter.com/download/iphone"" rel=""nofollow"">Twitter for iPhone</a>', 'sourceUrl': 'http://twitter.com/download/iphone', 'sourceLabel': 'Twitter for iPhone', 'outlinks': None, 'tcooutlinks': None, 'media': None, 'retweetedTweet': None, 'quotedTweet': None, 'inReplyToTweetId': None, 'inReplyToUser': None, 'mentionedUsers': None, 'coordinates': None, 'place': None, 'hashtags': None, 'cashtags': None, 'card': None}",,,,,,I‚Äôve said the same thing several times: an ego that size literally won‚Äôt be able to resist the opportunity to come back and cause a nuclear meltdown. It‚Äôs like crack to a crackhead- he won‚Äôt be able to resist  ,i‚Äôve said thing several times: size literally won‚Äôt able resist opportunity come back cause nuclear meltdown. it‚Äôs like crack crackhead- won‚Äôt able resist,i‚Äôve said thing several times size literally won‚Äôt able resist opportunity come back cause nuclear meltdown it‚Äôs like crack crackhead won‚Äôt able resist,"['i', '‚Äô', 've', 'said', 'thing', 'several', 'times', 'size', 'literally', 'won', '‚Äô', 't', 'able', 'resist', 'opportunity', 'come', 'back', 'cause', 'nuclear', 'meltdown', 'it', '‚Äô', 's', 'like', 'crack', 'crackhead', 'won', '‚Äô', 't', 'able', 'resist']","['‚Äô', 'said', 'won', 'come', '‚Äô', 'won']","['i', 've', 'thing', 'times', 'size', '‚Äô', 't', 'resist', 'opportunity', 'cause', 's', 'crack', 'crackhead', '‚Äô', 't', 'resist']","['several', 'able', 'nuclear', 'able']","['i', '‚Äô', 've', 'said', 'thing', 'several', 'time', 'size', 'literally', 'won', '‚Äô', 't', 'able', 'resist', 'opportunity', 'come', 'back', 'cause', 'nuclear', 'meltdown', 'it', '‚Äô', 's', 'like', 'crack', 'crackhead', 'won', '‚Äô', 't', 'able', 'resist']","['i', '‚Äô', 've', 'said', 'thing', 'sever', 'time', 'size', 'liter', 'won', '‚Äô', 't', 'abl', 'resist', 'opportun', 'come', 'back', 'caus', 'nuclear', 'meltdown', 'it', '‚Äô', 's', 'like', 'crack', 'crackhead', 'won', '‚Äô', 't', 'abl', 'resist']",40,258,133,F
https://twitter.com/KommawarSwapnil/status/1519875005399838720,2022-04-29 03:03:33+00:00,"You always find it difficulty before starting something

Once you crack the code, it becomes easier to you.

Good Morning üåûüôè https://t.co/Zm6RWu731A","You always find it difficulty before starting something

Once you crack the code, it becomes easier to you.

Good Morning üåûüôè https://t.co/Zm6RWu731A","{'datadata_type': 'modules.twitter.User', 'username': 'KommawarSwapnil', 'id': 2174686475, 'displayname': 'Swapnil Kommawar', 'description': 'Market Participant || Price Action || Positional Trader ‚ö°', 'rawDescription': 'Market Participant || Price Action || Positional Trader ‚ö°', 'descriptionUrls': None, 'verified': False, 'created': '2013-11-09T16:46:14+00:00', 'followersCount': 21014, 'friendsCount': 96, 'statusesCount': 9225, 'favouritesCount': 84669, 'listedCount': 174, 'mediaCount': 808, 'location': 'Hyderabad, India', 'protected': False, 'linkUrl': None, 'linkTcourl': None, 'profileImageUrl': 'https://pbs.twimg.com/profile_images/1507935110808879105/nO37kHu6_normal.jpg', 'profileBannerUrl': 'https://pbs.twimg.com/profile_banners/2174686475/1641054344', 'label': None, 'url': 'https://twitter.com/KommawarSwapnil'}",3,9,49,0,"<a href=""http://twitter.com/download/android"" rel=""nofollow"">Twitter for Android</a>",,,,,,,,,"You always find it difficulty before starting something

Once you crack the code, it becomes easier to you.

Good Morning üåûüôè  ","always find difficulty starting something crack code, becomes easier you. good morning",always find difficulty starting something crack code becomes easier you good morning,"['always', 'find', 'difficulty', 'starting', 'something', 'crack', 'code', 'becomes', 'easier', 'you', 'good', 'morning']","['find', 'starting', 'becomes']","['difficulty', 'something', 'crack', 'code', 'morning']","['easier', 'good']","['always', 'find', 'difficulty', 'starting', 'something', 'crack', 'code', 'becomes', 'easier', 'you', 'good', 'morning']","['alway', 'find', 'difficulti', 'start', 'someth', 'crack', 'code', 'becom', 'easier', 'you', 'good', 'morn']",22,21014,96,F
https://twitter.com/skyler0103/status/1520043956028985345,2022-04-29 14:14:54+00:00,Biden said we giving you crack pipes but we taking them Newports lmao,Biden said we giving you crack pipes but we taking them Newports lmao,"{'datadata_type': 'modules.twitter.User', 'username': 'skyler0103', 'id': 77102427, 'displayname': 'Skyler Hamilton', 'description': 'and I am back', 'rawDescription': 'and I am back', 'descriptionUrls': None, 'verified': False, 'created': '2009-09-25T01:45:19+00:00', 'followersCount': 122, 'friendsCount': 164, 'statusesCount': 5172, 'favouritesCount': 10288, 'listedCount': 0, 'mediaCount': 210, 'location': 'indianapolis', 'protected': False, 'linkUrl': None, 'linkTcourl': None, 'profileImageUrl': 'https://pbs.twimg.com/profile_images/687245811860770816/jBPzLtfk_normal.jpg', 'profileBannerUrl': 'https://pbs.twimg.com/profile_banners/77102427/1452687144', 'label': None, 'url': 'https://twitter.com/skyler0103'}",0,1,1,0,"<a href=""http://twitter.com/download/iphone"" rel=""nofollow"">Twitter for iPhone</a>",,,,,,,,,Biden said we giving you crack pipes but we taking them Newports lmao,biden said giving crack pipes taking newports lmao,biden said giving crack pipes taking newports lmao,"['biden', 'said', 'giving', 'crack', 'pipes', 'taking', 'newports', 'lmao']","['said', 'giving', 'taking']","['biden', 'crack', 'pipes', 'newports', 'lmao']",[],"['biden', 'said', 'giving', 'crack', 'pipe', 'taking', 'newport', 'lmao']","['biden', 'said', 'give', 'crack', 'pipe', 'take', 'newport', 'lmao']",13,122,164,F
https://twitter.com/utilityreporter/status/1516488784006684676,2022-04-19 18:47:55+00:00,"@MakeANoteOfThat @growsciences @localjointaz The FDA and EPA have limits for what is allowed on food crops. It's not the most dangerous stuff out there. But since mj is illegal at the federal level, no federal standards for it on cannabis. And little research on effects of smoking it.","@MakeANoteOfThat @growsciences @localjointaz The FDA and EPA have limits for what is allowed on food crops. It's not the most dangerous stuff out there. But since mj is illegal at the federal level, no federal standards for it on cannabis. And little research on effects of smoking it.","{'datadata_type': 'modules.twitter.User', 'username': 'utilityreporter', 'id': 90942877, 'displayname': 'Ryan Randazzo', 'description': 'Covering energy, utilities, #AZLeg, cannabis, gambling, self-driving cars, transportation, tech and fish for azcentral.com. ryan.randazzo@arizonarepublic.com', 'rawDescription': 'Covering energy, utilities, #AZLeg, cannabis, gambling, self-driving cars, transportation, tech and fish for https://t.co/lSJjVOCgZk. ryan.randazzo@arizonarepublic.com', 'descriptionUrls': [{'text': 'azcentral.com', 'url': 'http://azcentral.com', 'tcourl': 'https://t.co/lSJjVOCgZk', 'indices': [109, 132]}], 'verified': True, 'created': '2009-11-18T19:45:38+00:00', 'followersCount': 7736, 'friendsCount': 1941, 'statusesCount': 8655, 'favouritesCount': 3821, 'listedCount': 260, 'mediaCount': 290, 'location': 'Phoenix, AZ', 'protected': False, 'linkUrl': 'http://money.azcentral.com', 'linkTcourl': 'https://t.co/CNaIDjEKQv', 'profileImageUrl': 'https://pbs.twimg.com/profile_images/875057920492408837/PSpbEA8c_normal.jpg', 'profileBannerUrl': 'https://pbs.twimg.com/profile_banners/90942877/1418769961', 'label': None, 'url': 'https://twitter.com/utilityreporter'}",0,0,6,0,"<a href=""https://mobile.twitter.com"" rel=""nofollow"">Twitter Web App</a>",,,,1.52e+18,"{'datadata_type': 'modules.twitter.User', 'username': 'MakeANoteOfThat', 'id': 157496375, 'displayname': 'Leo Schmitt üá∫üá¶', 'description': None, 'rawDescription': None, 'descriptionUrls': None, 'verified': None, 'created': None, 'followersCount': None, 'friendsCount': None, 'statusesCount': None, 'favouritesCount': None, 'listedCount': None, 'mediaCount': None, 'location': None, 'protected': None, 'linkUrl': None, 'linkTcourl': None, 'profileImageUrl': None, 'profileBannerUrl': None, 'label': None, 'url': 'https://twitter.com/MakeANoteOfThat'}","[{'datadata_type': 'modules.twitter.User', 'username': 'MakeANoteOfThat', 'id': 157496375, 'displayname': 'Leo Schmitt üá∫üá¶', 'description': None, 'rawDescription': None, 'descriptionUrls': None, 'verified': None, 'created': None, 'followersCount': None, 'friendsCount': None, 'statusesCount': None, 'favouritesCount': None, 'listedCount': None, 'mediaCount': None, 'location': None, 'protected': None, 'linkUrl': None, 'linkTcourl': None, 'profileImageUrl': None, 'profileBannerUrl': None, 'label': None, 'url': 'https://twitter.com/MakeANoteOfThat'}, {'datadata_type': 'modules.twitter.User', 'username': 'growsciences', 'id': 852009657598005248, 'displayname': 'Grow Sciences', 'description': None, 'rawDescription': None, 'descriptionUrls': None, 'verified': None, 'created': None, 'followersCount': None, 'friendsCount': None, 'statusesCount': None, 'favouritesCount': None, 'listedCount': None, 'mediaCount': None, 'location': None, 'protected': None, 'linkUrl': None, 'linkTcourl': None, 'profileImageUrl': None, 'profileBannerUrl': None, 'label': None, 'url': 'https://twitter.com/growsciences'}, {'datadata_type': 'modules.twitter.User', 'username': 'localjointaz', 'id': 2909979377, 'displayname': 'Local Joint Dispensary', 'description': None, 'rawDescription': None, 'descriptionUrls': None, 'verified': None, 'created': None, 'followersCount': None, 'friendsCount': None, 'statusesCount': None, 'favouritesCount': None, 'listedCount': None, 'mediaCount': None, 'location': None, 'protected': None, 'linkUrl': None, 'linkTcourl': None, 'profileImageUrl': None, 'profileBannerUrl': None, 'label': None, 'url': 'https://twitter.com/localjointaz'}]",,,"@MakeANoteOfThat @growsciences @localjointaz The FDA and EPA have limits for what is allowed on food crops. It's not the most dangerous stuff out there. But since mj is illegal at the federal level, no federal standards for it on cannabis. And little research on effects of smoking it.","@makeanoteofthat @growsciences @localjointaz limits allowed food crops. dangerous stuff there. since illegal federal level, federal standards cannabis. little research effects smoking", limits allowed food crops dangerous stuff there since illegal federal level federal standards cannabis little research effects smoking,"['limits', 'allowed', 'food', 'crops', 'dangerous', 'stuff', 'there', 'since', 'illegal', 'federal', 'level', 'federal', 'standards', 'cannabis', 'little', 'research', 'effects', 'smoking']","['allowed', 'cannabis', 'smoking']","['limits', 'food', 'crops', 'stuff', 'level', 'standards', 'research', 'effects']","['dangerous', 'illegal', 'federal', 'federal', 'little']","['limit', 'allowed', 'food', 'crop', 'dangerous', 'stuff', 'there', 'since', 'illegal', 'federal', 'level', 'federal', 'standard', 'cannabis', 'little', 'research', 'effect', 'smoking']","['limit', 'allow', 'food', 'crop', 'danger', 'stuff', 'there', 'sinc', 'illeg', 'feder', 'level', 'feder', 'standard', 'cannabi', 'littl', 'research', 'effect', 'smoke']",48,7736,1941,T
https://twitter.com/L2LPodcast/status/1487176766422601728,2022-01-28 21:32:26+00:00,"Players win and winners play, have a lucky day. ~ Morphine","Players win and winners play, have a lucky day. ~ Morphine","{'datadata_type': 'modules.twitter.User', 'username': 'L2LPodcast', 'id': 951005399729168385, 'displayname': 'L2L Podcast', 'description': 'I Talk, You Listen. We all learn', 'rawDescription': 'I Talk, You Listen. We all learn', 'descriptionUrls': None, 'verified': False, 'created': '2018-01-10T08:18:50+00:00', 'followersCount': 84, 'friendsCount': 203, 'statusesCount': 490, 'favouritesCount': 65, 'listedCount': 1, 'mediaCount': 142, 'location': 'Edmonton, Alberta', 'protected': False, 'linkUrl': 'https://linktr.ee/L2Lpod', 'linkTcourl': 'https://t.co/HlUYPZacXM', 'profileImageUrl': 'https://pbs.twimg.com/profile_images/1222191363841609728/DvJOirbc_normal.jpg', 'profileBannerUrl': 'https://pbs.twimg.com/profile_banners/951005399729168385/1580871896', 'label': None, 'url': 'https://twitter.com/L2LPodcast'}",0,1,0,0,"<a href=""https://mobile.twitter.com"" rel=""nofollow"">Twitter Web App</a>",,,,,,,,,"Players win and winners play, have a lucky day. ~ Morphine","players winners play, lucky day. morphine",players winners play lucky day morphine,"['players', 'winners', 'play', 'lucky', 'day', 'morphine']","['play', 'morphine']","['players', 'winners', 'day']",['lucky'],"['player', 'winner', 'play', 'lucky', 'day', 'morphine']","['player', 'winner', 'play', 'lucki', 'day', 'morphin']",11,84,203,T
https://twitter.com/ROCKIN6to6/status/1520007600951205888,2022-04-29 11:50:27+00:00,Listen To Great Music Like.... CRACK UP 'N' FALL TO PIECES by RESTLESS On https://t.co/ttDs9OfHyy.....ROCKIN626!  Listen on any device just go here https://t.co/B4pC4iPy0E https://t.co/wAnth0q5PC,Listen To Great Music Like.... CRACK UP 'N' FALL TO PIECES by RESTLESS On rockin626.com.....ROCKIN626!  Listen on any device just go here live.mystreamplayer.com/rockin6268teez https://t.co/wAnth0q5PC,"{'datadata_type': 'modules.twitter.User', 'username': 'ROCKIN6to6', 'id': 240006949, 'displayname': 'ROCKIN626.COM', 'description': 'ROCKIN626.com, The  Internet ROCKABLLY Radio station Bringing You REAL GONE ROCKIN ROCKABILLY  MUSIC FROM PAST TO PRESENT.', 'rawDescription': 'http://t.co/DU3ZWEZK, The  Internet ROCKABLLY Radio station Bringing You REAL GONE ROCKIN ROCKABILLY  MUSIC FROM PAST TO PRESENT.', 'descriptionUrls': [{'text': 'ROCKIN626.com', 'url': 'http://ROCKIN626.com', 'tcourl': 'http://t.co/DU3ZWEZK', 'indices': [0, 20]}], 'verified': False, 'created': '2011-01-18T23:23:39+00:00', 'followersCount': 917, 'friendsCount': 336, 'statusesCount': 814242, 'favouritesCount': 0, 'listedCount': 29, 'mediaCount': 188625, 'location': '', 'protected': False, 'linkUrl': 'http://rockin626.com', 'linkTcourl': 'http://t.co/ttDs9NY69Y', 'profileImageUrl': 'https://pbs.twimg.com/profile_images/378800000465961023/6cb405d170efc71ecf5241f3d0b2a663_normal.jpeg', 'profileBannerUrl': None, 'label': None, 'url': 'https://twitter.com/ROCKIN6to6'}",0,0,0,0,"<a href=""http://www.autopo.st"" rel=""nofollow""> autopo.st - ROCKIN626</a>","['http://rockin626.com', 'http://live.mystreamplayer.com/rockin6268teez']",,,,,,,,Listen To Great Music Like.... CRACK UP 'N' FALL TO PIECES by RESTLESS On  ,listen great music like.... crack fall pieces restless,listen great music like crack fall pieces restless,"['listen', 'great', 'music', 'like', 'crack', 'fall', 'pieces', 'restless']",[],"['music', 'crack', 'fall', 'pieces', 'restless']",['great'],"['listen', 'great', 'music', 'like', 'crack', 'fall', 'piece', 'restless']","['listen', 'great', 'music', 'like', 'crack', 'fall', 'piec', 'restless']",24,917,336,F
https://twitter.com/BPayton216/status/771485379035881472,2016-09-01 23:10:22+00:00,"Codeine Crazy, Faded, Inside The mattress....  ""How It Was"" would be a stretch maybe. But those other 3 &gt;&gt;&gt; https://t.co/ZNwpSIVEDL","Codeine Crazy, Faded, Inside The mattress....  ""How It Was"" would be a stretch maybe. But those other 3 &gt;&gt;&gt; twitter.com/mshenrybaby/st‚Ä¶","{'datadata_type': 'modules.twitter.User', 'username': 'BPayton216', 'id': 472782901, 'displayname': 'BP', 'description': '', 'rawDescription': '', 'descriptionUrls': None, 'verified': False, 'created': '2012-01-24T09:13:02+00:00', 'followersCount': 1249, 'friendsCount': 823, 'statusesCount': 128318, 'favouritesCount': 25890, 'listedCount': 25, 'mediaCount': 24177, 'location': 'Atlanta, GA', 'protected': False, 'linkUrl': None, 'linkTcourl': None, 'profileImageUrl': 'https://pbs.twimg.com/profile_images/1519568301218840581/heAeR2Bj_normal.jpg', 'profileBannerUrl': 'https://pbs.twimg.com/profile_banners/472782901/1651159218', 'label': None, 'url': 'https://twitter.com/BPayton216'}",0,0,0,0,"<a href=""http://twitter.com/download/iphone"" rel=""nofollow"">Twitter for iPhone</a>",['https://twitter.com/mshenrybaby/status/771478609961766912'],,,,,,,,"Codeine Crazy, Faded, Inside The mattress....  ""How It Was"" would be a stretch maybe. But those other 3 &gt;&gt;&gt;  ","codeine crazy, faded, inside mattress.... ""how was"" stretch maybe. &gt;&gt;&gt;",codeine crazy faded inside mattress how was stretch maybe gt gt gt ,"['codeine', 'crazy', 'faded', 'inside', 'mattress', 'how', 'was', 'stretch', 'maybe', 'gt', 'gt', 'gt']","['faded', 'was']","['codeine', 'crazy', 'gt', 'gt']","['mattress', 'stretch', 'gt']","['codeine', 'crazy', 'faded', 'inside', 'mattress', 'how', 'wa', 'stretch', 'maybe', 'gt', 'gt', 'gt']","['codein', 'crazi', 'fade', 'insid', 'mattress', 'how', 'wa', 'stretch', 'mayb', 'gt', 'gt', 'gt']",20,1249,823,F
